<?xml version="1.0" encoding="utf-8" ?>
<dwsync>
<file name="btn_main_img.png" server="D:/website/" local="131055201340000000" remote="131055201340000000" Dst="0" />
<file name="tx.jpg" server="D:/website/" local="131055201340000000" remote="131055201340000000" Dst="0" />
<file name="QRcode.png" server="D:/website/" local="131055201340000000" remote="131055201340000000" Dst="0" />
<file name="book.png" server="D:/website/" local="131055201340000000" remote="131055201340000000" Dst="0" />
<file name="money.png" server="D:/website/" local="131055201340000000" remote="131055201340000000" Dst="0" />
<file name="qd.png" server="D:/website/" local="131055201340000000" remote="131055201340000000" Dst="0" />
<file name="mony.png" server="D:/website/" local="131055201340000000" remote="131055201340000000" Dst="0" />
<file name="lp.png" server="D:/website/" local="131055201340000000" remote="131055201340000000" Dst="0" />
<file name="ssd.png" server="D:/website/" local="131055201340000000" remote="131055201340000000" Dst="0" />
<file name="vip.png" server="D:/website/" local="131055201340000000" remote="131055201340000000" Dst="0" />
<file name="kf.png" server="D:/website/" local="131055201340000000" remote="131055201340000000" Dst="0" />
<file name="bg.jpg" server="D:/website/" local="131055201340000000" remote="131055201340000000" Dst="0" />
<file name="icon1.png" server="D:/website/" local="131055201340000000" remote="131055201340000000" Dst="0" />
<file name="icon_03.png" server="D:/website/" local="131055201340000000" remote="131055201340000000" Dst="0" />
<file name="icon_06.png" server="D:/website/" local="131055201340000000" remote="131055201340000000" Dst="0" />
<file name="icon_11.png" server="D:/website/" local="131055201340000000" remote="131055201340000000" Dst="0" />
<file name="icon_27.png" server="D:/website/" local="131057001200000000" remote="131057001200000000" Dst="0" />
<file name="icon_22.png" server="D:/website/" local="131057001200000000" remote="131057001200000000" Dst="0" />
<file name="icon_15.png" server="D:/website/" local="131057001200000000" remote="131057001200000000" Dst="0" />
<file name="icon_17.png" server="D:/website/" local="131057001200000000" remote="131057001200000000" Dst="0" />
<file name="icon_24.png" server="D:/website/" local="131057001200000000" remote="131057001200000000" Dst="0" />
<file name="icon_30.png" server="D:/website/" local="131055201340000000" remote="131055201340000000" Dst="0" />
<file name="icon_33.png" server="D:/website/" local="131055201340000000" remote="131055201340000000" Dst="0" />
<file name="icon_37.png" server="D:/website/" local="131055201340000000" remote="131055201340000000" Dst="0" />
<file name="qk.png" server="D:/website/" local="131056051600000000" remote="131056051600000000" Dst="0" />
<file name="tp_03.jpg" server="D:/website/" local="131055201340000000" remote="131055201340000000" Dst="0" />
<file name="tp_07.jpg" server="D:/website/" local="131055201340000000" remote="131055201340000000" Dst="0" />
<file name="tp_10.jpg" server="D:/website/" local="131055201340000000" remote="131055201340000000" Dst="0" />
<file name="xxsearch.jpg" server="D:/website/" local="131057034322942766" remote="131057034320000000" Dst="0" />
<file name="ywbl.jpg" server="D:/website/" local="131057034240196900" remote="131057034240000000" Dst="0" />
<file name="khfw.jpg" server="D:/website/" local="131057034286082494" remote="131057034280000000" Dst="0" />
</dwsync>